App name,SHA256,Package Name
Ultima Keyboard 3D Pro,3abe3b8b1fcd9649fb990988705ab03d7377f6006691d4cd29af7e105fb8f22a,org.ultimatekey.board
VideoMixer Editor Pro,f11865b082890e17aa7c425be60bb3ab9609c1889fcd96f038207b079d5bc945,ga.vidieomi.xeredito
FX Animate Editor Pro,42cacb7a356513af26f0e3621c672148c0988f14b01a2b98dec63b0f6d541ad1,fr.animatedit.orpro
Battery Animation Charge 2021,8769cdc003356f62344ac36c34fbc0ce24809b574911690117028f8977b68874,de.bttranimch.arge
Dynamic HD & 4K Wallpapers,8bfad8e18bf285f644dbb0655b746fc5ad3bc365768ec561d19cb1ce4403cc65,da.nami.chdfourkwallp
RGB Neon HD Keyboard Background,33d28d2bf74223e2ef86439c313952cfdc8743f28fd4d8db023ee4a0b5429b12,com.rgbneonhd.keyback
AppLock X FREE,fa37bf52f1b2698e93dbca59a07f86d64acd6ea198fa6b8b77f5f479fed7de4a,gr.applckx.free
NewVision Camera,1714a1739896fa34e0d6a0cb8c4e167a95fe89528aaed9b8b9696693c4cc60a3,fr.newvisio.ncam
Ultra Camera HD,ee59c0a1421d556a4e687b5e79b7c58d26d2cc0c891a52d8a04d5c1b0c669d70,de.ultracamera.hdcamera
Wi-Fi Password Unlock,f55e9cc9c31cb4a3fbfce670172153ade071ce0c6de9eac23cc9f17f8608af01,de.wifipassword.unlockpass
Wi-Fi Around: All Wi-Fi and Hotspots Unlock,daf5e922912d557647e24b8da89b5e8c81d2da433fa710aecdfc1de78d7b66d3,de.wifiaround.hotsposts
Colorful Call Screen & Phone Flash,d8c88b3b1e4bfc69aeb35c73720921deadd6780d3d51c131f3d05d4a13d1f413,com.clrfulcall.scrphflash
Waterdrinker Reminder,1a1d2ea5609f41426e2d71adb384fcc8c40abc990d1ecd32d3151610d6a417a3,de.waterdrinker.reminder
GT Sports Racing Online,e9ccd311513ac554a2f5e18311d9e61cdcecf2f9bf36a1b1aaaea5224fffedaa,gt.sportraci.ngonline
Magic Fonts and Keyboard 2021,f55fda38bc0cb6ef71b45acfdabb4c54a4021cfc4d88fdeebcb4419c09e999e6,de.magicfonts.keyboard
All Language Photo and Voice Translator AI,29b4ef38002f593abde1f663f3683157572a0bca23cb563c9eca8d14e1df6ed8,de.alllanguagephoto.voicetranslatorai
Crime City: Revenge,4c2b6e18516e0a7fd9ebdecc0c9f99c8dfe47d4ffc118bb7c92cd7d4bea31379,de.crimecity.revengecity
Reface Ultra,ad2cbfd3770a8568667a8837c6e64dc649f81964383c50517e90ef2f0ea38b35,de.ultrareface.appreface
Projector HD/AR Video Editor,b6e5a539c0217b84a3e8cc275704933f2b20e6acbe93bc6592b54d42d4f3ec4d,de.projectorhdar.videoeditor
LivePhoto Animator,1c89222baf62ec791134e15c0c2eb8fd96282adc0a056136e8ba3b095ebf64f3,org.livephoto.animatorlive
Ludo Masterpiece Online,45ef09e209fa8f696fec81db65ca6c1bfce369b1b25c448f81e4c3af5639d6d1,org.ludomasterpiece.online
"Mobile Scanner Pro: PDF Scanner App, Scan to PDF",08d5adcc5fbd7cc228e534858c906562e64295d9ebc5e7117fc2de7d32a22ef1,org.mobilescanner.pro
Magic Mix Cut - Super Video Editor,fb0d5a4491275b7c23b46c8289d743dc2fed2406a0cb47e5bbe7e78d728361cc,org.magicmixcut.supervideo
Future Scanner FREE 2021,2f0a8000ddba72fd5df322da4ff374de0ac1c04edda9fdd14f8d93a4cea9430a,com.futuresca.nnerfree
Pro Video Downloader 2021,27cd56fedc2bd501ac2e24ab336ea558aa765effd7b8fcc85196371fcd23d696,de.provideodow.nloa
AmazeTranslate,c4245da8d83b49a0287c977dccc8e86ca6e6e6349b4a23dc8d7951ab4105a1e1,de.amaz.etranslate
Football Masters 2021,bba94aad235e552af0682ed37028a0d4d5982823691add6d6222131349ded96d,fr.footbal.lmast
New Body Shape Editor,4e100e20589f69fd54a26092986d6ac3c53eead2c43623738a0cfa2c7a8fd87e,de.newbody.shapeeditor
Call Voice Recording 2.0,9ad0e06770258cc0a25471ae97958f0bccb15505b80ad36e5e4aa9b9a0569c88,ca.llvoicereco.rdingvertwo
Pro Tuber Ad Blocker for Video,d92b5ae82dd3c23229a7ef3de777055f9770c1fbfad02fe43c5e451bbbb88933,de.protuberad.blockerforad
Fitness Ultimate 2021,2c57b99435bd8e43e7e6af69a70d656d12df21adff41e41618bc2f62d401824c,org.ultimatefit.ness
Wallpaper XYZ Pro,8ed1f383b9dffeea3df2b829ef8323fdaea48c0bd9c3713b43b925d33a80b517,de.wallpaper.xyzwallpapers
PhotoLab Pro +,c2e4edf68449ccee839a8c521b010a425111f8b41a4adc375dbcdfe55684eabc,org.photola.bproplus
iOS Launcher X 2021,8b242cb6a040d1782cca08e11818119fe4e907acc8b08c99d026ef169037a0d6,io.slauncherx.twentyone
Stay Fit: Home Fitness Plan,5cbab5e0566c5449161239d0f47f0f1cb248614e30c64ddb427436d613cb2e19,com.stayfithome.fitnessplan
Chat Translator Pro for WhatsApp,a1d86064af20a5dc34eabb81460f49e9f6d26d304e0ded39a4ded55828ffe79f,com.chattrans.latorpro
Roll Your Icons,0db6495f6c1dddf99667e4f72b358207caabb4794bfa912568e9cfe0fc6bcb35,ro.rollyo.uricons
CosmosVPN,b49a32878f1f5e8d2ffe79b28e2d7fdb1a1f9de016c41a560f8ee94b1a3c4475,cs.mos.vpncosmos
Amore Live Random Chat,956c520ee8968fc18077070aa168377298ad47dd2137dae328ffbed318ca6476,com.amoreliv.erandomchat
Game Center: Complete Edition,f5b9a089e4f2fb70fc09b6e9f750e87078d20cd690651edd62c1a6382a55f6df,org.gamecenter.completeedition
All HD Video SX - Smart Player,975040beb9a9864b3d348722391c2de26d319d284b15e1c8b4eae752497492d6,al.lhdvideo.sxsmart
Easy Smart Translator Pro,25d44e97460dc994efbeb606e21cf5df254267a0169a23c6ab72189a78be1e8f,fr.easysmart.translatorpro
Easy Chat Translator for WhatsApp,a8b78367f3cf8ff9f3853a358ff0b0c4b0dff18b3a86d2eb392bff663fcc977f,com.easychattrans.latorwhatsapp
Spam Calls Buster,f2dde535506a49ef1319ab47e5e118ad0053393f3d6134498bd8367e0e1e235a,org.spamcalls.bustercalls
WhoCall Caller ID and Spam Blocker,bdf070f1554bba2a8a3e7b4b0610bad1c1ece75460258dadc0ff02d0c3f90f9f,de.whocaller.idspamblocker
Pulse Rate Checker,6c06afb6a9aedd7ad8a4e84c79c2bc2a7d0362d95d76c58f5937fb5ce51a091a,org.pulserate.checkerrate
NOWDownloader and Private Apps,c092e91ede10a4faae3807b6988af848c65137377df401238a67b7f6d29109c3,com.nowdownloader.privateapps
Video Saver & Private Browser,3aa554ebe7ef3ff1cd1318d14d5e408640c9b3b696627104da53abe48cf3622a,org.videosaverprivate.browser
Wallpaper Anime for Android,06e4f8a50b4bfe0171dfb9a8a5b24ea2741e2e04ec712d8014d792eab3930b03,de.wallpaperanime.forandroid
Pixelize Art,8b125a991bb35458f9169622b3648405fc11d9cb20af1c6290356b04b3c7809a,com.pixeli.zeapp
Muslim Memoji & Stickers for Whatsapp,dc556b013544b2d6598d25801f99b304a98bfa1e41f119fef6ecce3079cf4dff,com.muslimemo.jistickers
Easy Chat Translator: All Language,8cc3a3af78e8f996bb0b66ddd22ad8a9294d92125319d646f3688a6b90c27c44,com.easychattransla.torallang
SecVPN: Fast and Secure VPN,f9fcef2baca9a397488bfdb7490b935d0f50f06b7750cd0f8648b843de65f088,de.secvpnfast.securevpn
LED Border,19fc5b85dbe9d3c08544da8ce5590f14f083d3b12ab6cb343043028214a819a2,au.ledbor.derder
Smart Global Translator,9257a4d1f74f6522c7592186fc4dcbcca3b0e86ea4615cc3652c89d3e07c8bdb,org.smartglobal.translatorsmartg
Free Launcher X Pro,6a0ba285a769151222e11894f8a61de99dddb876931eb2ca51cdc5d160826e77,fr.eelauncherx.pro
ICall U - Online Video Hotchat,605f12af2b169b33ff75b0be205443d7031b42df146733f0678793b8ee3c589f,org.icall.uonline
Pure Tube PRO: Block Video Ads,2fab0806cb5b1a63ef72d3a343de188ba7ec964e83f60ec5a8d8c9c4fc18a71f,ar.puretu.bepro
Future AI Scan Free 2021,c14b5313a61c0feffd80d5ccb7cec3482cd43be433b5d38c9a7d01d5c672e6c9,fr.futurus.aiscanfree
Qibla Finder: Qibla Compass & Prayer Times 2021,cceb0e27825dc2c0056cc33a651793c28c3eb3d0f9b4f6f4ccf9b84939cee2e1,com.qiblacompass.prayertimes
EasyCode: QR and Barcode Scanner,9eea5177b2391a8d590013a3309e49a00e4c817c32a3ca4e95938343721b4a25,de.easycode.qrscanner
Wi-Fi Opensignal,56137feb206903049d7cb66728febdb90cf4381a7e8beed9846d37d896344b44,de.wifisignal.connectionopensignal
Ano caller: Spam List & Caller ID,171a0cdda91b0af5e80dd1a2d0e80ba0e634867f5734ae3cd41a5788be81dae6,au.anocaler.spamliist
Pro Calls Recorder,1d5cb5edfff5b287bb123164283cb504dd498cdc903836b0f65e4bd5ae97a4b1,org.procalls.recorder
Amazing Arab Videos,40048c7239158f9edf1a4783ad41bf2e27b38d3afb490bd6d33875eaaf1dcbb8,de.amazingarab.videos
Chat Keyboard Translator PRO,5271e94089cc053cc5e1252beb47f78197833cdb26ed92cd21a3c4c1474e2942,com.chatkeyboar.dtranslpro
Wi-Fi Secret Master,da4c9cdcd8c010afa7316f47ded3f5137da972657f781cd560400aa91275d8eb,org.wifisecret.masterwifi
Soltpapers: 4K Custom Wallpapers,24289fcab1ab4e20911128ddbc3b194dfa78978bf7cd92f3f4fa56e221f42da6,sl.tpapers.fourk
Easy Photo Recovery 2021,53d0f7f8673d53c4395ceb9087afaf467a66c396a9c6e249c9c14ade19118b8e,org.easyphoto.recovery
Whistle Phone Finder,155af01f8a7872cacc149814c5bae225704fcec64e8e7f5db28aace23be0b20f,com.whistlephone.finderphone
Calls ID Unlocker,6fa4948c0b2fba6e028a6f3ee00cbea1ac3ad094aa1f21199d72ba26db509216,de.callsid.callunlocker
Ludo Masters 2021,739ecb795cce82a7d767938760932f1ebab65a0bd88e6ede4dfbceb8a92bb007,ir.ludoma.sterstwentyone
Mawlid An-Nabi,32458da5153851d1dc2ae614e40678efbf5d247eccc536e6f058f6bec60281d6,de.mawlidan.annabi
Truck Driver Simulation,e0bbf229ac5fc226cec405947f8805800faeeec3871f8504d04594e8e4343a6f,org.truckdriver.simulationtr
Stickers Maker ART,1479e37081558a0b7dd26c685dbc4b081dc54c55e1a3ae960b4ed8bf21f11233,org.stickersmaker.art
My Rolling Icons,b3458e2f2633898e78f49b7bb7992ab2c0f3f523f869811b0cc98f409aa8aca1,org.myroll.ing
Clap and Find,7ad1de2d9a7fb164cbec70d31b0fccd5eb6d24fa9fc910ff7d6133e9a8d6c81b,com.auclap.andfind
Live Cam Pro 2021: Earth cam & Live Street View,7f4be8a6be8ba2b1ef42d2b1ee7a8f81ddcf658a25105d45e02208124d10e511,fr.livecampr.oearthcam
VPN Fastest Edition,8aa69fd97d7f25d1640dad87416fc427aa17ae8f69cbced80930e52a606623d6,de.vpnfastest.editionvpn
Cold Fan Free 2021,9bb7ae9f603f796638593bc73e527fe4005654e8d2aad3b6550550db23326e4c,com.coldfan.free2021
Mawlid An-Nabi,c9df8a7875a6797de3d42a34a06204791b09df4414c763baf6d4764fa6b46e05,org.mawlidan.annabi
Magic Keyboards and Fonts,414bc4bea8e3562841d07ccf560790106d9496891633f34814054741f0c697b9,com.magickeybo.ardsfonts
Recovery Old Photo,fb279c8b4cd3df9dee0685a4d4e9ce7d108ef20b070ccee9e9f9646f0eb6c04d,au.recovery.oldphto
Fast Dates Chat,f2a41083d133783634b6a5e540db19084096cc925a5d98dbc2cb9500d68dc2cb,org.fastdates.datechat
Luck Casino,035367d434111aa0d097bc10d9fce455c1a8e5a246caa1d7cf661e2ff88d7a4c,fr.leluckca.sia
Egyptian Gods,4ed4b70fecbf7f9e546d91d243d60e913f886cd7e077e097fcbb0267891ab684,com.egypti.angods
Easy iOS Launcher 2021,833fa40b672f1ce9e9d69f7df6fcf18293b90f0d2cc1e07f1540f403d438ff0b,org.easyios.launcher2021
Phone Finder,dae2b1bf004ce5988060e9b671c9b3dffa85ac7c9aff684c19292ca6ddc2a033,de.phoneutil.finderphoe
Pixler: Face Retouch & Effects,5a60db7d2f3de1896d50dcf0191860b28e7689dc06606ad9f1f4868b3b4eeb5f,org.pixlerface.retouch
XCall,4532d23104ee39b750ba5ff27ac0c956ec37c29fdd3c7490182899c4fa4c919b,com.showcaller.calleridspamlist
Rubic's Cube: Real Time Solver,598aa56c23285f7f99a129174fd63cc376b06a487c49754dde72e674270bbcc3,com.rubliccube.realtimesolver
"All Translator: Photo, Voice & Text",05df614f7f30126b100c4d0f88c4016cadd579ad0bf177726199b5158733f132,com.alltranslatorpho.tovoicetext
Parallels - Multi Accounts,a767f5bfac7125b98453e3d4cb478c607f94a71cc4a25e2dd8f99c5e557e0a7b,com.parallelsmult.iaccou
"XN Wallpapers: 4K/3D/Parallax, Auto Changer",2f763ff75c4e6d3fabaacbf0c4881c613ddd2d832a50cf9843e4b9a8982972f7,org.xnwallpaper.parallax
Whos Called: Multi-SIM Caller ID and SpamBlock,b00f8ad4f4fa52ede72d5e40e33d343d44f096eb6770d1708ff009b7f824127d,org.whocalled.multisimcallerid
Wi-Fi Security and VPN,a4ad9dbee1dda10b00b76f744ea61c5ece139b607965907f689765d7539641d5,org.wifisecurity.andvpn
Photo & Voice Translator,02bd24edff741b56d7ca264fffde8d07765c51b497548b025005b45d6240f824,com.photovoi.cetranslato
AR Qibla Easy Finder Pro,8dbe542f17822988f03b2a6f3f8461b3bd2a939eba03dd3b9ab5a4d9d7d8be00,org.qibla.easyfinderpro
AppLocker X Pro 2021,11f839167629928d64218144b83908a692d1dd657674212df62bf0b7e5828f3f,com.applocker.xpro
Meme Voice Changer PRO,f047cdb4abbb232f1606a80cb899ef1e364d1f57e27dcce03250644da40b6a33,org.meme.voices
Projector video HD Editor,665aa76788761e09fde8caddbd438f96096fe01c66c5ef7d5236f9eba82161ba,com.projvideo.hdedi
StarMaker PRO,d2205deb673064480c74404593e2c04c9e0dafa41ec60559677d82cf660ed728,de.starmaker.promaker
Video Downloader Master,ec1d2ab0375e0d83708577404760d69a4917aca22bec55187fe502a69246725b,com.videodownloaderma.sterdio
inpulse - DJ Mix App,fcc03bb64671a215f904b30e29c69ee69d81b2a2db04e19879fca5defa0fa429,org.inpulsedj.mixapp
Make Wallpaper and Widget,11ccd5c2514feefff45bdcadebc9118ef40d6d9f2dccd04777fc97e6b056d6af,org.makewallpaper.andwidget
Wally4K,b10b2fd9bfd0696fd62b9490895493ae7cb13d2f88827d7e35a8acdd0c84be7e,com.wally.fourk
Muslim Stickers and Memoji for WhatsApp,6c5be4b9fe84659a41d6abdf4fd749dce71581161d01e338e903e7affd8be5ee,org.muslimstickers.memojiwats
Battery Charging Effects: From 0 to 100%,05a758166e0891b6400a660b64db716d000d25ca67967e71842fb8185c1ae97e,de.batterycharging.effectsfr
DiskRecover: Photo & Files Recovery,92425514e585694b731f282015ca0c7e41fd4cde9605ce99eade2240ff445269,org.diskrecover.photofiles
Photoshop Detector,bceec7222a62eadb4cfb474e1c65085c98e3b11ad33bec0e2acef7fb20592da7,org.photoshop.detector
Likes & Followers for Tik-Tok,157eef0936c2fa0d6bb46711e08a92ecf3d55813841c1c97f8ccb0d2725f8287,com.tiktokbe.top
Camera Translator,93171823c9a7aa77f70ab0f3ef63b09e4a88469b7f0faa6bcfc9b9993ebb6b2a,de.cameratranlator.cameratra
WI-FI UnlockerPRO,0af6c3e57a49505deadc62f96df01980eafbfd09776126f989b1b3305fea69f0,com.wifunlo.ckrpro
Arabic Keyboard,8e9f03f52904183a5cbb29140c38bc5a3a67fc87607283ef08ab06326b17d027,de.keyarabic.keyboardar
Teammate Finder,889fc4786dc427b7cdba11c75518dabad6c56ef8f022a6bfad965d9f59f81687,com.teammatefinder.teamsp
Ultra Live Wallpapers 4Îš and Ringtones,9a11973f0980c979e2a520825e32ec710eb4ead6cf6b104ab7c272b710296f76,org.ultralive.wallpapershd
Wi - Fi Holder,4f9517bb319e2e3c24973454d8203e548073f4d2fc9c08fdca67e01795610faa,fr.wifiho.lder
Cartoon Photo Editor Pro,08c004ae596a11cccd833477cd7ad87407bdca34d8a2081c87da12efe8f0d305,com.carto.onphotoed
VPN Toaster: Easy Network Access,e87ac33908351e040e7d6810d376c171613a6df81aad7893bf677dede3bf8e0f,org.vpntoaster.easynetworkaccess
My Mia 4K Wallpapers,a750edc9cadd9f06e8b4034f6cfd37be76eefdcda4bcad0aaa43b94267aaa984,com.mymia4k.wallpap
Magic Pop It: AR & 3D Relax,35aa4236824f32b323a58097ab0a586cf12e650e984cf8a29c5e71b7f7eab3ba,com.magicpopit.relax3d
Rainbowed: Gay Random chat & Live stream,42a859b952fd7d8add278173268dc8a1f1d5cc14b15ab7f42666477cc98117b1,com.rainbwd.gayrndchat
Easy Wifi Access & Fast Vpn,3208ab7f4b90f736e75269c9245dc3f5d107c46fd7c85dd29c28561108a0184c,com.easywifiacc.essfastvpn
Rec Old File,3fb369003c3c9834a197e0a20a492a04b5b7a0e03fd5d59fc3ea0397c35a3e04,de.recold.oldfilerec
Photellon,305aeeafe5d2d31f556e6c5a8e23fc36e6edb4715754682800f1d49fd3ac17a8,com.phot.ellon
Free Secret Downloader,9ee5c4e8bf7c852d5a0b986315dd44257e7aab45185facf67b4742eedb272e62,de.freesecret.downloader
Loopy Live: Global Streaming Video Chat,baa57a2891656647e76da7d060c168b102058e806fd7d7ff9ccca1d1007dff2d,com.loopy.liveapp
Earth Scanner,17bdb62262a5870f142ffe08f20d1613e7ceea09ddd1525906a328ea7673af63,com.mfoeroearth.scannerid
Professional Hidden Device Detector,597863f74b415e3e6206a492d1488aaa60a8285b6cd7f3dc5626685a26e86f1d,com.professionalhidden.device
HDlife Camera and Video,d8175225a7cbf7c4326de7e253a3794404d4ad9376dbf40a215ab0e90a34491e,com.hdlifecamera.andvideocam
"WOX - Antivirus & Cleaner, Applock, Booster",7897e725bf520e8c544a80ba6180de16fe898c806dd5148226872b8220fb1370,wox.anitivirus.cleanerbooster
ForMuslims,d487074e2a900c871d37bda9ada7038c7fad5fb1563db409cc58ad215615564c,de.formu.formuslims
Chat Translator for WhatsApp,b00a10cd6c9caab522a5241c3388e6b01564e5036e19fa091fcbe5bf6fbe6982,com.chatranslator.forwhatsapp
AR Video PRO Downloader,b2be910df489ccb1332fadaa1ddee08b4c55c13b7647f8f95545a1cdb832d07f,com.arvideo.prodownloader
Easy Hidden Apps Detector,39c9c9682d3a97e815ef69eb75c2ed96ee903f8c059f9fdd91a6e096b611c623,com.easyhiddenapp.sdetector
Smart City Taxi,1ac471ce23986faf166fa00b9bf821c5b2ef9296b006f2f42cc613f1b73bf92e,org.smartcity.taxicity
WI-FI Unlock Password,e2471e3b0387306acfb10565d00cbddcf8766aa0699b6f6d6020c62346202aa1,org.wifiunlock.passwordwifi
Downloader ALL Social file,eca8f96ed056431fcbf4f8059a78f8d79777f108781c145ee59b777d2371fada,com.downloaderall.socialfile
Hidden Section: Secret Lock,91e65d587598f73a49cf97562b086e6949d1a1def01a4738e366f3796a771db7,org.hiddensection.secret
AIM PRO Helper and Custom Crosshair,6f98ed23793de21f33a5b90980a048c4a47dec1812649248f7f539261b4fe987,org.aimprohelper.customcrosshair
Fingerprint Hider 2021,a9ec751178bcf21f596b2488f88c0d4e0194b49477bb9e37ba4f8ba069dea3fa,org.fingerprinthi.der2021
iDownloader: Social Network Media,db16ce2a5e6066133808ea5df3cacc6479a83d64b4ec593d5e42f28e529d134f,org.idownloader.socialnetworkmedia
Stickers Up!,6b5092c4470da6a0be5882ca926ee633d8f44ce0cbcf78a8a2d6683349764c5f,org.stickersup.stickeruppe
Hacker Simulator App,60d933130e5457b9faf0745a322c040c0e43cab9b6959278dd1840e08b9daf3d,org.coolhacker.hackapp
MiaWall4K,ea93eb35aa55ebfa94f5181abd1ad81591cf7af98e63c828b7659cf36967846a,com.miawall4k.wallp
Photo Animation PRO,5a1fd76cea93a8fc2bfc2c9e75f5f8e45ca24a0ab9c1aaa814244ed26fd247ec,com.photoani.mationpro
My Photo Battery Charging 2021,de6a5aebc71d88310434200ba1e477d0917f4b994aabc255cebe357e3f1b8540,com.myphotoba.tterycha
ToEdit: Body and Face Retouch,dec65d42804d6d497512369c558c7af68e5613f24cbf5640f10c787837909e7b,com.toeditbody.faceretouch
"TrueCaller ID: Caller ID, Spam Block and Chat",f2990ae697f6c523d56d4e208c18ecb479fb99633744fbe92c0d20088feafe1a,com.truecallcaller.idchat
Couch Watcher - Guide of Streaming,3f811a271090b6655a6e5838ac73b9e5155afb615630cf15fa1f12e3dfc63ae1,com.couchwatcher.guideofstream
VidMixer Pro,9c734eeaf0a5c5b60b28ae30fd42af147a8ba1a2f755cd56654caccf37f31908,com.vidmi.xerpro